sep,err_none,err_hard
0.5,0.03409,0.017265
0.8,0.060445,0.028196
1.2,0.113135,0.033968
1.6,0.182029,0.047447
2.0,0.22628,0.064054
3.0,0.352006,0.099399
