mode,K,mask_lambda,variance,signal_norm,snr
none,1,0.0,0.053401,1.609525,30.14
hard,8,0.0,0.007852,2.064256,262.897
soft,8,1.0,0.007848,2.078668,264.882
