sep,err_none,err_hard
0.5,0.0339,0.015996
0.8,0.060053,0.027801
1.2,0.11115,0.032404
1.6,0.182264,0.045225
2.0,0.228505,0.060015
3.0,0.352408,0.099937
